program_id,name,person_url
1,Ginna Sadler 1980 to present,http://www.temple.edu/crafts/metalsdirectorypage/p165.html
2,Robert C. Fisher 1975 to present,http://www.temple.edu/crafts/metalsdirectorypage/p54.html
5,Vitrice McMurry 1983 to present,http://www.temple.edu/crafts/metalsdirectorypage/p119.html
6,Pat Taylor 1985 to present,http://www.temple.edu/crafts/metalsdirectorypage/p185.html
7,"Robert C. Fisher 1967 to 1968, 1970 and 1971",http://www.temple.edu/crafts/metalsdirectorypage/p54.html
7,Susan Ewing 1981 to present,http://www.temple.edu/crafts/metalsdirectorypage/p48.html
8,Klaus Kallenberger 1966 to present,http://www.temple.edu/crafts/metalsdirectorypage/p85.html
10,Brigid O'Hanrahan 1982 to present,http://www.temple.edu/crafts/metalsdirectorypage/p139.html
11,Mary A. Petrick 1972 to present,http://www.temple.edu/crafts/metalsdirectorypage/p146.html
11,Claire Pfleger 1972 to present,http://www.temple.edu/crafts/metalsdirectorypage/p147.html
12,Bruce Guiwits 1970 to present,http://www.temple.edu/crafts/metalsdirectorypage/p71.html
15,Todd Hawkinson 1985 to present,http://www.temple.edu/crafts/metalsdirectorypage/p77.html
15,Myrl Hein 1982 to present,http://www.temple.edu/crafts/metalsdirectorypage/p78.html
17,Richard Helzer 1970 to present,http://www.temple.edu/crafts/metalsdirectorypage/p79.html
17,Kate Wagle 1981 to 1982,http://www.temple.edu/crafts/metalsdirectorypage/p197.html
18,Komelia H. Okim ? to present,http://www.temple.edu/crafts/metalsdirectorypage/p208.html
18,Brian Meek 1994 to ?,http://www.temple.edu/crafts/metalsdirectorypage/p120.html
19,Harold Hasselschwert 1965 to 1990,http://www.temple.edu/crafts/metalsdirectorypage/p75.html
19,Chuck Evans 1972 to 197 8,http://www.temple.edu/crafts/metalsdirectorypage/p47.html
19,Thomas S. Madden 1986 to 1990,http://www.temple.edu/crafts/metalsdirectorypage/p110.html
19,Thomas Muir 1991 to present,http://www.temple.edu/crafts/metalsdirectorypage/p132.html
21,Lynn Duggan 1978 to present,http://www.temple.edu/crafts/metalsdirectorypage/p43.html
22,Lisa Lockman 1990 to present,http://www.temple.edu/crafts/metalsdirectorypage/p103.html
23,Carlyle Smith as a guest professor in the summer sessions of 1962 to 1979,http://www.temple.edu/crafts/metalsdirectorypage/p178.html
23,Patrice Case ? to ?,http://www.temple.edu/crafts/metalsdirectorypage/p21.html
23,Kate Wagle 1982 to 1988,http://www.temple.edu/crafts/metalsdirectorypage/p197.html
23,Lisa Norton 1989 to 1992,http://www.temple.edu/crafts/metalsdirectorypage/p137.html
23,Julia Barrelo 1992 to present,http://www.temple.edu/crafts/metalsdirectorypage/p9.html
24,Pamela E. Lins 1989 to present,http://www.temple.edu/crafts/metalsdirectorypage/p102.html
27,James Malenda 1976 to 1987,http://www.temple.edu/crafts/metalsdirectorypage/p111.html
27,Candace Gerbers Brey 1991 to 1993,http://www.temple.edu/crafts/metalsdirectorypage/p17.html
29,Joseph Cornett 1980 to present,http://www.temple.edu/crafts/metalsdirectorypage/p31.html
31,Dale Wedig 1983 to present,http://www.temple.edu/crafts/metalsdirectorypage/p198.html
32,Lee Hageman 1967 to present,http://www.temple.edu/crafts/metalsdirectorypage/p72.html
33,Susan Hamlet 1978 to 1988,http://www.temple.edu/crafts/metalsdirectorypage/p74.html
33,"Chris Ramsay 1986 to 1987, 1990 to present",http://www.temple.edu/crafts/metalsdirectorypage/p159.html
35,Lynda Watson-Abbott 1970 to 1995,http://www.temple.edu/crafts/metalsdirectorypage/p1.html
35,Nancy Megan Corwin 1984 to 1989,http://www.temple.edu/crafts/metalsdirectorypage/p33.html
35,Dawn E. Nakanishi ? to ?,http://www.temple.edu/crafts/metalsdirectorypage/p134.html
36,Norma Latta 1986 to present,http://www.temple.edu/crafts/metalsdirectorypage/p205.html
37,Christine Clark 1984 to present,http://www.temple.edu/crafts/metalsdirectorypage/p28.html
38,Anthony Lugo 1974 to present,http://www.temple.edu/crafts/metalsdirectorypage/p108.html
39,Mary Ann Scherr 1978 to 1988,http://www.temple.edu/crafts/metalsdirectorypage/p167.html
39,William Harper as a visiting professor in 1979,http://www.temple.edu/crafts/metalsdirectorypage/p73.html
39,Pamela E. Lins 1986 to 1991,http://www.temple.edu/crafts/metalsdirectorypage/p102.html
41,Leslie Leupp 1988 to present,http://www.temple.edu/crafts/metalsdirectorypage/p98.html
42,Majorie Schick 1967 to present,http://www.temple.edu/crafts/metalsdirectorypage/p168.html
44,Chris Ramsay 1989 to 1990,http://www.temple.edu/crafts/metalsdirectorypage/p159.html
44,Myra Mimlitsch Gray 1990 to 1993,http://www.temple.edu/crafts/metalsdirectorypage/p67.html
44,Robin Kraft 1994 to present,http://www.temple.edu/crafts/metalsdirectorypage/p90.html
44,Gene Pijanowski ? to ?,http://www.temple.edu/crafts/metalsdirectorypage/p148.html
46,"Alan Revere, Director of the Academy",http://www.temple.edu/crafts/metalsdirectorypage/p163.html
47,Curtis K LaFollette 1972 to present,http://www.temple.edu/crafts/metalsdirectorypage/p93.html
48,Antonio Cirono ? to ?,http://www.temple.edu/crafts/metalsdirectorypage/p27.html
48,John Prip 1963 to 1980,http://www.temple.edu/crafts/metalsdirectorypage/p153.html
48,George Paul Van Duinwyk 1973 to 1974,http://www.temple.edu/crafts/metalsdirectorypage/p193.html
48,Louis Mueller 1977 to 2005,http://www.temple.edu/crafts/metalsdirectorypage/p130.html
48,Robin Quigley ? to present,http://www.temple.edu/crafts/metalsdirectorypage/p157.html
49,Louis Mueller 1977 to present,http://www.temple.edu/crafts/metalsdirectorypage/p130.html
49,Robin Quigley ? to present,http://www.temple.edu/crafts/metalsdirectorypage/p157.html
50,Philip Morton ? to ?,http://www.temple.edu/crafts/metalsdirectorypage/p127.html
50,John Prip 1948 to 1954,http://www.temple.edu/crafts/metalsdirectorypage/p153.html
50,Hans Christensen 1954 to 1983,http://www.temple.edu/crafts/metalsdirectorypage/p26.html
50,Svetovar Radakovich 1955 to 1958,http://www.temple.edu/crafts/metalsdirectorypage/p158.html
50,Albert Paley 1969 to 1972,http://www.temple.edu/crafts/metalsdirectorypage/p141.html
50,Gary Griffin 1974 to 1984,http://www.temple.edu/crafts/metalsdirectorypage/p70.html
50,Harlan Butt in 1975,http://www.temple.edu/crafts/metalsdirectorypage/p20.html
53,Bob Winston 1942 to 1956,http://www.temple.edu/crafts/metalsdirectorypage/p199.html
53,Martin Streich 1959 to present,http://www.temple.edu/crafts/metalsdirectorypage/p182.html
53,Marilyn DaSilva ? to present,http://www.temple.edu/crafts/metalsdirectorypage/p39.html
53,Dawn E. Nakanishi part time since 1994,http://www.temple.edu/crafts/metalsdirectorypage/p134.html
54,Svetovar Radakovich 1958 to 1959,http://www.temple.edu/crafts/metalsdirectorypage/p158.html
54,Arlene Fisch 1961 to present,http://www.temple.edu/crafts/metalsdirectorypage/p52.html
54,David La Plantz 1970 to 1971,http://www.temple.edu/crafts/metalsdirectorypage/p94.html
54,Helen Shirk 1975 to present,http://www.temple.edu/crafts/metalsdirectorypage/p174.html
54,Harlan Butt 1975 to 1976,http://www.temple.edu/crafts/metalsdirectorypage/p20.html
54,Gene Pijanowski ? to ?,http://www.temple.edu/crafts/metalsdirectorypage/p148.html
54,Billie Jean Theide 1982 to 1983,http://www.temple.edu/crafts/metalsdirectorypage/p186.html
55,Imogene Gieling 1965 to 1993,http://www.temple.edu/crafts/metalsdirectorypage/p62.html
55,Dawn Nakanishi 1985 to present,http://www.temple.edu/crafts/metalsdirectorypage/p134.html
56,Sara Sloan Stine 1987 to present,http://www.temple.edu/crafts/metalsdirectorypage/p181.html
57,John Prip 1960 to 1962,http://www.temple.edu/crafts/metalsdirectorypage/p153.html
58,Joseph Filkosky 1955 to 1999,http://www.temple.edu/crafts/metalsdirectorypage/p51.html
60,John D Wittersheim 1979 to present,http://www.temple.edu/crafts/metalsdirectorypage/p200.html
61,Earl Pardon 1951 to 1989,http://www.temple.edu/crafts/metalsdirectorypage/p142.html
61,Arline M. Fisch 1957 to 1961,http://www.temple.edu/crafts/metalsdirectorypage/p52.html
61,Sharon Church 1973 to 1976,http://www.temple.edu/crafts/metalsdirectorypage/p25.html
61,Susan Hamlet spring of 1981,http://www.temple.edu/crafts/metalsdirectorypage/p74.html
65,L. Brent Kington 1961 to 1997,http://www.temple.edu/crafts/metalsdirectorypage/p89.html
65,Mary Lee Hu 1968 to 1969,http://www.temple.edu/crafts/metalsdirectorypage/p82.html
65,Richard Mawdsley 1978 to 2005,http://www.temple.edu/crafts/metalsdirectorypage/p115.html
68,Nancy Moyer 1964 to 1966,http://www.temple.edu/crafts/metalsdirectorypage/p129.html
68,Beverly Penn 1990 to present,http://www.temple.edu/crafts/metalsdirectorypage/p144.html
70,Donald P. Taylor 1984 to present,http://www.temple.edu/crafts/metalsdirectorypage/p184.html
72,Thomas R Markusen 1968 to present,http://www.temple.edu/crafts/metalsdirectorypage/p112.html
72,Albert Paley 1972 to 1984,http://www.temple.edu/crafts/metalsdirectorypage/p141.html
73,Patrice Case ? to present,http://www.temple.edu/crafts/metalsdirectorypage/p21.html
74,Kurt Matzdorf 1957 to 1985,http://www.temple.edu/crafts/metalsdirectorypage/p114.html
74,Bob Ebendorf 1971 to 1989,http://www.temple.edu/crafts/metalsdirectorypage/p44.html
74,Jamie Bennett 1985 to present,http://www.temple.edu/crafts/metalsdirectorypage/p11.html
74,Fred Woell 1989 to 1993,http://www.temple.edu/crafts/metalsdirectorypage/p201.html
74,Myra Mimlitsch-Gray 1993 to present,http://www.temple.edu/crafts/metalsdirectorypage/p67.html
76,Robert Streppone 1979 to present,http://www.temple.edu/crafts/metalsdirectorypage/p183.html
77,Arthur Pulos 1955 to 1982,http://www.temple.edu/crafts/metalsdirectorypage/p155.html
77,Michael Jerry 1970 to present,http://www.temple.edu/crafts/metalsdirectorypage/p84.html
77,John Marshall 1968 to 1970,http://www.temple.edu/crafts/metalsdirectorypage/p113.html
78,Karmien Bowman ? to present,http://www.temple.edu/crafts/metalsdirectorypage/p15.html
79,Leslie Leupp ? to ?,http://www.temple.edu/crafts/metalsdirectorypage/p98.html
80,Alfred E. Green 1969 to present,http://www.temple.edu/crafts/metalsdirectorypage/P68.html
81,William Harper 1974 to present,http://www.temple.edu/crafts/metalsdirectorypage/p73.html
81,Lisa Norton 1988 to 1989,http://www.temple.edu/crafts/metalsdirectorypage/p137.html
82,Lisa Norton 1992 to present,http://www.temple.edu/crafts/metalsdirectorypage/p137.html
84,Alvin Pine 1962 to 1996,http://www.temple.edu/crafts/metalsdirectorypage/p152.html
84,Dieter Muller-Stach 1968 to present,http://www.temple.edu/crafts/metalsdirectorypage/p131.html
85,Mary Ann Scherr 1969 to 1972,http://www.temple.edu/crafts/metalsdirectorypage/p167.html
85,Robin Kraft part time from 1992 to 1994,http://www.temple.edu/crafts/metalsdirectorypage/p90.html
87,Hiroko Sato-Pijanowski 1986 to present,http://www.temple.edu/crafts/metalsdirectorypage/p149.html
87,Gene Pijanowski 1991 to present,http://www.temple.edu/crafts/metalsdirectorypage/p148.html
87,Thomas S. Madden 1991 to 1993,http://www.temple.edu/crafts/metalsdirectorypage/p110.html
88,Michael Lacktman ? to ?,http://www.temple.edu/crafts/metalsdirectorypage/p92.html
88,Thelma Coles 1978 to present,http://www.temple.edu/crafts/metalsdirectorypage/p29.html
89,Rachelle Thiewes 1976 to present,http://www.temple.edu/crafts/metalsdirectorypage/p187.html
90,Dr. Nancy Moyer 1969 to present,http://www.temple.edu/crafts/metalsdirectorypage/p129.html
91,Karl G. Nacke 1903 to 1912,http://www.temple.edu/crafts/metalsdirectorypage/p133.html
91,Samuel Yellin 1907 to 1920,http://www.temple.edu/crafts/metalsdirectorypage/p204.html
91,Douglas Gilchrist 1921 to 1943,http://www.temple.edu/crafts/metalsdirectorypage/p63.html
91,Virginia Wireman Cute 1944 to 1953,http://www.temple.edu/crafts/metalsdirectorypage/p37.html
91,Richard Reinhardt 1947 to 1986,http://www.temple.edu/crafts/metalsdirectorypage/p162.html
91,Olaf Skoogfors 1959 to 1975,http://www.temple.edu/crafts/metalsdirectorypage/p177.html
91,Leon Lugassy 1967 to 1990,http://www.temple.edu/crafts/metalsdirectorypage/p107.html
91,Helen Williams Drutt English 1972 to 1982,http://www.temple.edu/crafts/metalsdirectorypage/p46.html
91,Robin Quigley 1976 to 1979,http://www.temple.edu/crafts/metalsdirectorypage/p157.html
91,Sharon Church 1979 to present,http://www.temple.edu/crafts/metalsdirectorypage/p25.html
91,Rod McCormick 1981 to present,http://www.temple.edu/crafts/metalsdirectorypage/p117.html
91,Myra Mimlitsch Gray 1986 to 1990,http://www.temple.edu/crafts/metalsdirectorypage/p67.html
92,Michael Croft 1965 to 1972,http://www.temple.edu/crafts/metalsdirectorypage/p36.html
92,Michael Lacktman 1972 to present,http://www.temple.edu/crafts/metalsdirectorypage/p92.html
92,Claire Pfleger 1978 to 1984,http://www.temple.edu/crafts/metalsdirectorypage/p147.html
92,Kate Wagle 1988 to 1994,http://www.temple.edu/crafts/metalsdirectorypage/p197.html
93,John Fix 1967 to present,http://www.temple.edu/crafts/metalsdirectorypage/p55.html
95,William Derreuvere 1971 to present,http://www.temple.edu/crafts/metalsdirectorypage/p41.html
96,Stanley Lechtzin 1962 to present,http://www.temple.edu/crafts/metalsdirectorypage/p97.html
96,Elliot Pujol 1971 to 1973,http://www.temple.edu/crafts/metalsdirectorypage/p154.html
96,Vickie Sedman 1974 to present,http://www.temple.edu/crafts/metalsdirectorypage/p170.html
96,Daniella Kerner 1977 to present,http://www.temple.edu/crafts/metalsdirectorypage/p88.html
97,Dr. Helen Bonzelaar 1967 to present,http://www.temple.edu/crafts/metalsdirectorypage/p14.html
98,Charles Loloma 1959 to 1961,http://www.temple.edu/crafts/metalsdirectorypage/p105.html
98,Bob Winston 1964 to 1968,http://www.temple.edu/crafts/metalsdirectorypage/p199.html
98,Michael Croft 1972 to present,http://www.temple.edu/crafts/metalsdirectorypage/p36.html
100,Val J. Link 1970 to present,http://www.temple.edu/crafts/metalsdirectorypage/p101.html
101,Arthur Pulos 1946 to 1955,http://www.temple.edu/crafts/metalsdirectorypage/p155.html
101,Robert Von Neumann 1955 to 1984,http://www.temple.edu/crafts/metalsdirectorypage/p196.html
101,Alan Mette 1981 to present,http://www.temple.edu/crafts/metalsdirectorypage/p122.html
101,Billie Jean Theide 1985 to present,http://www.temple.edu/crafts/metalsdirectorypage/p186.html
102,Chunghi Choo 1968 to present,http://www.temple.edu/crafts/metalsdirectorypage/p23.html
102,Barbara Nilausen-k 1991 to 1994,http://www.temple.edu/crafts/metalsdirectorypage/p136.html
103,Carlyle Smith 1947 to 1977,http://www.temple.edu/crafts/metalsdirectorypage/p178.html
103,Klaus Kallenberger 1965 to 1966,http://www.temple.edu/crafts/metalsdirectorypage/p85.html
103,Robert Montgomery ? to ?,http://www.temple.edu/crafts/metalsdirectorypage/p126.html
103,Olli Peter Valanne 1974 to 1994,http://www.temple.edu/crafts/metalsdirectorypage/p192.html
103,Jon Havener 1977 to present,http://www.temple.edu/crafts/metalsdirectorypage/p76.html
104,Carol Kumata ? to present,http://www.temple.edu/crafts/metalsdirectorypage/p91.html
105,Arline Fisch 1975 to 1976,http://www.temple.edu/crafts/metalsdirectorypage/p52.html
105,J. Fred Woell 1976 to 1985,http://www.temple.edu/crafts/metalsdirectorypage/p201.html
105,Jaimie Bennett 1978 to 1985,http://www.temple.edu/crafts/metalsdirectorypage/p11.html
105,Alan Burton Thompson 1987 to present,http://www.temple.edu/crafts/metalsdirectorypage/p214.htm
105,Susan Hamlet 1988 to present,http://www.temple.edu/crafts/metalsdirectorypage/p74.html
106,Philip Morton 1948 to 1961,http://www.temple.edu/crafts/metalsdirectorypage/p127.html
108,Ellen Rose-Auyong 1972 to present,http://www.temple.edu/crafts/metalsdirectorypage/p4.html
109,Harlan Butt 1976 to present,http://www.temple.edu/crafts/metalsdirectorypage/p20.html
110,Arthur Pulos 1939 to 1941,http://www.temple.edu/crafts/metalsdirectorypage/p155.html
110,Nancy Megan Corwin 1989 to 1994,http://www.temple.edu/crafts/metalsdirectorypage/p33.html
110,Kate Wagle 1994 to present,http://www.temple.edu/crafts/metalsdirectorypage/p197.html
111,Kent Lamar 1975 to present,http://www.temple.edu/crafts/metalsdirectorypage/p95.html
111,Hollis Howard 1978 to present,http://www.temple.edu/crafts/metalsdirectorypage/p81.html
112,Linda L. Ryan 1982 to present,http://www.temple.edu/crafts/metalsdirectorypage/p164.html
114,David Keens 1974 to present,http://www.temple.edu/crafts/metalsdirectorypage/p87.html
115,Ruth Pennington 1928 to 1969,http://www.temple.edu/crafts/metalsdirectorypage/p210.html
115,John Marshall 1975 to present,http://www.temple.edu/crafts/metalsdirectorypage/p113.html
115,Mary Lee Hu 1980 to present,http://www.temple.edu/crafts/metalsdirectorypage/p82.html
115,Lynne Hull 1985 to 1986,http://www.temple.edu/crafts/metalsdirectorypage/p83.html
118,Arthur Vierthaler 1946 to 1976,http://www.temple.edu/crafts/metalsdirectorypage/p195.html
118,Fred Fenster 1962 to present,http://www.temple.edu/crafts/metalsdirectorypage/p49.html
118,Eleanor Moty 1972 to 2000,http://www.temple.edu/crafts/metalsdirectorypage/p128.html
118,Mary Lee Hu 1976 to 1977,http://www.temple.edu/crafts/metalsdirectorypage/p82.html
118,Martha Glowacki ?,http://www.temple.edu/crafts/metalsdirectorypage/p66.html
119,Robert Pum 1969 to present,http://www.temple.edu/crafts/metalsdirectorypage/p156.html
119,Donald P. Taylor 1972 to 1978,http://www.temple.edu/crafts/metalsdirectorypage/p184.html
121,Thomas P. Muir 1985 to 1991,http://www.temple.edu/crafts/metalsdirectorypage/p132.html
121,Thomas S. Madden 1992 to present,http://www.temple.edu/crafts/metalsdirectorypage/p110.html
122,Marcia Lewis 1973 to 1975,http://www.temple.edu/crafts/metalsdirectorypage/p100.html
122,Linda Threadgill ? to present,http://www.temple.edu/crafts/metalsdirectorypage/p209.html
123,Nancy Thompson 1969 to present,http://www.temple.edu/crafts/metalsdirectorypage/p189.html
124,Heikka Seppa 1965 to 1992,http://www.temple.edu/crafts/metalsdirectorypage/p172.html
124,John Baltrusunas part time from 1972 to 1992,http://www.temple.edu/crafts/metalsdirectorypage/p7.html
125,Phillip Fike 1953 to 1997,http://www.temple.edu/crafts/metalsdirectorypage/p50.html
126,Lorin S. Thunell 1993 to present,http://www.temple.edu/crafts/metalsdirectorypage/p190.html
128,Barney Brienza 1971 to present,http://www.temple.edu/crafts/metalsdirectorypage/p18.html
129,Romona Solberg 1956 to 1967,http://www.temple.edu/crafts/metalsdirectorypage/p179.html
129,Ken Cory 1972 to 1994,http://www.temple.edu/crafts/metalsdirectorypage/p34.html
129,Keith A. Lewis 1993 to present,http://www.temple.edu/crafts/metalsdirectorypage/p99.html
131,Steven C. Ortiz as a visiting artist in 1995,http://www.temple.edu/crafts/metalsdirectorypage/p140.html
136,Jew Freyaulenhoven in 1972,http://www.temple.edu/crafts/metalsdirectorypage/p57.html
137,Phillip Carrizzi,http://www.temple.edu/crafts/metalsdirectorypage/s272.html
141,Charlotte Nichols 1985 to present,http://www.temple.edu/crafts/metalsdirectorypage/p135.html
142,Kenneth Bates 1927 to 1968,http://www.temple.edu/crafts/metalsdirectorypage/p10.html
142,John Paul Miller 1946 to 1983,http://www.temple.edu/crafts/metalsdirectorypage/p124.html
142,Frederick Miller 1947 to 1975,http://www.temple.edu/crafts/metalsdirectorypage/p123.html
142,Arthur Pulos as a visiting professor in the summer sessions of 1949 and 1953,http://www.temple.edu/crafts/metalsdirectorypage/p155.html
142,Jon Havener 1976 to 1977,http://www.temple.edu/crafts/metalsdirectorypage/p76.html
142,Kathy Buszkiewicz 1983 to present,http://www.temple.edu/crafts/metalsdirectorypage/p19.html
142,William Harper as a visiting professor in 1984 to 1985,http://www.temple.edu/crafts/metalsdirectorypage/p73.html
142,Lisa Norton 1987 to 1988,http://www.temple.edu/crafts/metalsdirectorypage/p137.html
142,Matthew Hollern 1989 to present,http://www.temple.edu/crafts/metalsdirectorypage/p80.html
143,Kathleen Malec Kamal 1994 to present,http://www.temple.edu/crafts/metalsdirectorypage/p86.html
144,David La Plantz 1969 to 1970,http://www.temple.edu/crafts/metalsdirectorypage/p94.html
144,Nilda Getty 1970 to present,http://www.temple.edu/crafts/metalsdirectorypage/p61.html
144,Bruce Metcalf 1977 to 1978,http://www.temple.edu/crafts/metalsdirectorypage/p121.html
145,Jeff Georgantes 1987 to present,http://www.temple.edu/crafts/metalsdirectorypage/p60.html
148,Harry Bertoia 1939 to 1943,http://www.temple.edu/crafts/metalsdirectorypage/p13.html
148,Richard Thomas 1948 to 1984,http://www.temple.edu/crafts/metalsdirectorypage/p188.html
148,Gary S Griffin 1984 to present,http://www.temple.edu/crafts/metalsdirectorypage/p70.html
149,Allan C. Fisher 1990 to present,http://www.temple.edu/crafts/metalsdirectorypage/p53.html
151,Harold O'Connor 1993 to present,http://www.temple.edu/crafts/metalsdirectorypage/p138.html
152,John E. Satterfield 1967 to 2000,http://www.temple.edu/crafts/metalsdirectorypage/p166.html
152,Linda Darty Smith 1990 to present,http://www.temple.edu/crafts/metalsdirectorypage/p38.html
153,David G. Logan 1979 to present,http://www.temple.edu/crafts/metalsdirectorypage/p104.html
155,Robert Coogan 1981 to present,http://www.temple.edu/crafts/metalsdirectorypage/p30.html
157,Tim Glotzbach 1980 to present,http://www.temple.edu/crafts/metalsdirectorypage/p65.html
158,Thomas S. Madden 1990 to 1993,http://www.temple.edu/crafts/metalsdirectorypage/p110.html
159,Gregory P. Senn 1986 to present,http://www.temple.edu/crafts/metalsdirectorypage/p171.html
161,Gene Bahling 1969 to present,http://www.temple.edu/crafts/metalsdirectorypage/p5.html
164,Enzo Torcoletti 1971 to present,http://www.temple.edu/crafts/metalsdirectorypage/p191.html
165,William Lattimer 1965 to present,http://www.temple.edu/crafts/metalsdirectorypage/p96.html
166,Charles Loloma 1954 to 1958,http://www.temple.edu/crafts/metalsdirectorypage/p105.html
166,Bob Winston ? to ?,http://www.temple.edu/crafts/metalsdirectorypage/p199.html
166,David Pimentel 1973 to 2004,http://www.temple.edu/crafts/metalsdirectorypage/p151.html
169,Jew Freyaulenhoven 1973 to 1981,http://www.temple.edu/crafts/metalsdirectorypage/p57.html
169,Richard Mafong ? to present,http://www.temple.edu/crafts/metalsdirectorypage/p109.html
170,Geraldine Velasquez 1980 to present,http://www.temple.edu/crafts/metalsdirectorypage/p194.html
172,Leslie Leupp ? to ?,http://www.temple.edu/crafts/metalsdirectorypage/p98.html
172,Robert J. Pum in 1969,http://www.temple.edu/crafts/metalsdirectorypage/p156.html
176,Arch Gregory 1986 to present,http://www.temple.edu/crafts/metalsdirectorypage/p69.html
178,David LaPlantz 1971 to present,http://www.temple.edu/crafts/metalsdirectorypage/p94.html
179,Gail Dial 1974 to present,http://www.temple.edu/crafts/metalsdirectorypage/p42.html
180,Candace Gerbers Brey 1990 to 1993,http://www.temple.edu/crafts/metalsdirectorypage/p17.html
183,Alma Eikerman 1947 to 1978,http://www.temple.edu/crafts/metalsdirectorypage/p45.html
183,Randy Long 1983 to present,http://www.temple.edu/crafts/metalsdirectorypage/p106.html
184,Robert C. Fisher 1974 to 1975,http://www.temple.edu/crafts/metalsdirectorypage/p54.html
185,David La Plantz 1967 to 1968,http://www.temple.edu/crafts/metalsdirectorypage/p94.html
185,Lane Coulter 1989 to present,http://www.temple.edu/crafts/metalsdirectorypage/p32.html
186,John M. Church 1970 to present,http://www.temple.edu/crafts/metalsdirectorypage/p24.html
187,Chuck Evans 1978 to 2001,http://www.temple.edu/crafts/metalsdirectorypage/p47.html
188,Ronald Wyancko 1972 to 2000,http://www.temple.edu/crafts/metalsdirectorypage/p203.html
189,Kenneth C. MacBain 1994 to Present,http://www.temple.edu/crafts/metalsdirectorypage/p275.html
189,Dr Elaine Foster 1967 to 1994,http://www.temple.edu/crafts/metalsdirectorypage/p56.html
190,Dr Elaine Foster 1967 to present,http://www.temple.edu/crafts/metalsdirectorypage/p56.html
191,Elliot Pujol 1973 to present,http://www.temple.edu/crafts/metalsdirectorypage/p154.html
192,Myra Mimlitsch Gray 1986 to 1989,http://www.temple.edu/crafts/metalsdirectorypage/p67.html
193,Mary Ann Scherr 1960 to 1976,http://www.temple.edu/crafts/metalsdirectorypage/p167.html
193,William Harper 1970 to 1973,http://www.temple.edu/crafts/metalsdirectorypage/p73.html
193,Rod McCormick 1978 to 1979,http://www.temple.edu/crafts/metalsdirectorypage/p117.html
193,George Paul Van Duinwyk 1979 to 1982,http://www.temple.edu/crafts/metalsdirectorypage/p193.html
193,Bruce Metcalf 1981 to 1991,http://www.temple.edu/crafts/metalsdirectorypage/p121.html
193,Robin Kraft part time from 1991 to 1994,http://www.temple.edu/crafts/metalsdirectorypage/p90.html
194,James Malenda 1987 to present,http://www.temple.edu/crafts/metalsdirectorypage/p111.html
196,Marcia Lewis 1978 to present,http://www.temple.edu/crafts/metalsdirectorypage/p100.html
197,Barry Stern 1985 to present,http://www.temple.edu/crafts/metalsdirectorypage/p180.html
198,Mark Baldridge 1972 to present,http://www.temple.edu/crafts/metalsdirectorypage/p6.html
199,Tim McCreight ? to present,http://www.temple.edu/crafts/metalsdirectorypage/p118.html
199,Alan Perry 1987 to present,http://www.temple.edu/crafts/metalsdirectorypage/p145.html
200,Harold O'Conner in 1982,http://www.temple.edu/crafts/metalsdirectorypage/p138.html
201,Curtis K. LaFollette 1971 to 1972,http://www.temple.edu/crafts/metalsdirectorypage/p93.html
201,Bruce Metcalf 1979 to 1980,http://www.temple.edu/crafts/metalsdirectorypage/p121.html
201,Joseph Wood 1986 to present,http://www.temple.edu/crafts/metalsdirectorypage/p202.html
202,Harold Hasselschwert 1965 to 1990,http://www.temple.edu/crafts/public_html/mjcc/local/history/p75.html
202,Chuck Evans 1972 to 197 8,http://www.temple.edu/crafts/public_html/mjcc/local/history/p47.html
202,Thomas S. Madden 1986 to 1990,http://www.temple.edu/crafts/public_html/mjcc/local/history/p110.html
202,Thomas Muir 1991 to present,http://www.temple.edu/crafts/public_html/mjcc/local/history/p132.html
203,L. Brent Kington 1961 to 1997,http://www.temple.edu/crafts/public_html/mjcc/local/history/p89.html
203,Mary Lee Hu 1968 to 1969,http://www.temple.edu/crafts/public_html/mjcc/local/history/p82.html
203,Richard Mawdsley 1978 to present,http://www.temple.edu/crafts/public_html/mjcc/local/history/p115.html
204,Rachelle Thiewes 1976 to present,http://www.temple.edu/crafts/public_html/mjcc/local/history/p187.html
205,Carlyle Smith 1947 to 1977,http://www.temple.edu/crafts/public_html/mjcc/local/history/p178.html
205,Klaus Kallenberger 1965 to 1966,http://www.temple.edu/crafts/public_html/mjcc/local/history/p85.html
205,Robert Montgomery ? to ?,http://www.temple.edu/crafts/public_html/mjcc/local/history/p126.html
205,Olli Peter Valanne 1974 to 1994,http://www.temple.edu/crafts/public_html/mjcc/local/history/p192.html
205,Jon Havener 1977 to present,http://www.temple.edu/crafts/public_html/mjcc/local/history/p76.html
207,Mary Ann Scherr 1960 to 1976,http://www.temple.edu/crafts/public_html/mjcc/local/history/p167.html
207,William Harper 1970 to 1973,http://www.temple.edu/crafts/public_html/mjcc/local/history/p73.html
207,Rod McCormick 1978 to 1979,http://www.temple.edu/crafts/public_html/mjcc/local/history/p117.html
207,George Paul Van Duinwyk 1979 to 1982,http://www.temple.edu/crafts/public_html/mjcc/local/history/p193.html
207,Bruce Metcalf 1981 to 1991,http://www.temple.edu/crafts/public_html/mjcc/local/history/p121.html
207,Robin Kraft part time from 1991 to 1994,http://www.temple.edu/crafts/public_html/mjcc/local/history/p90.html
208,Tim McCreight ? to present,http://www.temple.edu/crafts/public_html/mjcc/local/history/p118.html
208,Alan Perry 1987 to present,http://www.temple.edu/crafts/public_html/mjcc/local/history/p145.html
1007,Ginna Sadler 1980 to present,http://www.temple.edu:80/crafts/metalsdirectorypage/p165.html
297,Robert C. Fisher 1975 to present,http://www.temple.edu:80/crafts/metalsdirectorypage/p54.html
298,Vitrice McMurry 1983 to present,http://www.temple.edu:80/crafts/metalsdirectorypage/p119.html
299,Pat Taylor 1985 to present,http://www.temple.edu:80/crafts/metalsdirectorypage/p185.html
300,"Robert C. Fisher 1967 to 1968, 1970 and 1971",http://www.temple.edu:80/crafts/metalsdirectorypage/p54.html
300,Susan Ewing 1981 to present,http://www.temple.edu:80/crafts/metalsdirectorypage/p48.html
302,Klaus Kallenberger 1966 to present,http://www.temple.edu:80/crafts/metalsdirectorypage/p85.html
303,Brigid O'Hanrahan 1982 to present,http://www.temple.edu:80/crafts/metalsdirectorypage/p139.html
304,Mary A. Petrick 1972 to present,http://www.temple.edu:80/crafts/metalsdirectorypage/p146.html
304,Claire Pfleger 1972 to present,http://www.temple.edu:80/crafts/metalsdirectorypage/p147.html
306,Bruce Guiwits 1970 to present,http://www.temple.edu:80/crafts/metalsdirectorypage/p71.html
307,Todd Hawkinson 1985 to present,http://www.temple.edu:80/crafts/metalsdirectorypage/p77.html
307,Myrl Hein 1982 to present,http://www.temple.edu:80/crafts/metalsdirectorypage/p78.html
309,Richard Helzer 1970 to present,http://www.temple.edu:80/crafts/metalsdirectorypage/p79.html
309,Kate Wagle 1981 to 1982,http://www.temple.edu:80/crafts/metalsdirectorypage/p197.html
311,Komelia H. Okim ? to present,http://www.temple.edu:80/crafts/metalsdirectorypage/p208.html
311,Brian Meek 1994 to ?,http://www.temple.edu:80/crafts/metalsdirectorypage/p120.html
313,Harold Hasselschwert 1965 to 1990,http://www.temple.edu:80/crafts/metalsdirectorypage/p75.html
313,Chuck Evans 1972 to 197 8,http://www.temple.edu:80/crafts/metalsdirectorypage/p47.html
313,Thomas S. Madden 1986 to 1990,http://www.temple.edu:80/crafts/metalsdirectorypage/p110.html
313,Thomas Muir 1991 to present,http://www.temple.edu:80/crafts/metalsdirectorypage/p132.html
317,Lynn Duggan 1978 to present,http://www.temple.edu:80/crafts/metalsdirectorypage/p43.html
318,Lisa Lockman 1990 to present,http://www.temple.edu:80/crafts/metalsdirectorypage/p103.html
319,Carlyle Smith as a guest professor in the summer sessions of 1962 to 1979,http://www.temple.edu:80/crafts/metalsdirectorypage/p178.html
319,Patrice Case ? to ?,http://www.temple.edu:80/crafts/metalsdirectorypage/p21.html
319,Kate Wagle 1982 to 1988,http://www.temple.edu:80/crafts/metalsdirectorypage/p197.html
319,Lisa Norton 1989 to 1992,http://www.temple.edu:80/crafts/metalsdirectorypage/p137.html
319,Julia Barrelo 1992 to present,http://www.temple.edu:80/crafts/metalsdirectorypage/p9.html
324,Pamela E. Lins 1989 to present,http://www.temple.edu:80/crafts/metalsdirectorypage/p102.html
325,James Malenda 1976 to 1987,http://www.temple.edu:80/crafts/metalsdirectorypage/p111.html
325,Candace Gerbers Brey 1991 to 1993,http://www.temple.edu:80/crafts/metalsdirectorypage/p17.html
327,Joseph Cornett 1980 to present,http://www.temple.edu:80/crafts/metalsdirectorypage/p31.html
328,Dale Wedig 1983 to present,http://www.temple.edu:80/crafts/metalsdirectorypage/p198.html
329,Lee Hageman 1967 to present,http://www.temple.edu:80/crafts/metalsdirectorypage/p72.html
330,Susan Hamlet 1978 to 1988,http://www.temple.edu:80/crafts/metalsdirectorypage/p74.html
330,"Chris Ramsay 1986 to 1987, 1990 to present",http://www.temple.edu:80/crafts/metalsdirectorypage/p159.html
332,Lynda Watson-Abbott 1970 to 1995,http://www.temple.edu:80/crafts/metalsdirectorypage/p1.html
332,Nancy Megan Corwin 1984 to 1989,http://www.temple.edu:80/crafts/metalsdirectorypage/p33.html
332,Dawn E. Nakanishi ? to ?,http://www.temple.edu:80/crafts/metalsdirectorypage/p134.html
335,Norma Latta 1986 to present,http://www.temple.edu:80/crafts/metalsdirectorypage/p205.html
336,Christine Clark 1984 to present,http://www.temple.edu:80/crafts/metalsdirectorypage/p28.html
337,Anthony Lugo 1974 to present,http://www.temple.edu:80/crafts/metalsdirectorypage/p108.html
338,Mary Ann Scherr 1978 to 1988,http://www.temple.edu:80/crafts/metalsdirectorypage/p167.html
338,William Harper as a visiting professor in 1979,http://www.temple.edu:80/crafts/metalsdirectorypage/p73.html
338,Pamela E. Lins 1986 to 1991,http://www.temple.edu:80/crafts/metalsdirectorypage/p102.html
341,Leslie Leupp 1988 to present,http://www.temple.edu:80/crafts/metalsdirectorypage/p98.html
342,Majorie Schick 1967 to present,http://www.temple.edu:80/crafts/metalsdirectorypage/p168.html
343,Chris Ramsay 1989 to 1990,http://www.temple.edu:80/crafts/metalsdirectorypage/p159.html
343,Myra Mimlitsch Gray 1990 to 1993,http://www.temple.edu:80/crafts/metalsdirectorypage/p67.html
343,Robin Kraft 1994 to present,http://www.temple.edu:80/crafts/metalsdirectorypage/p90.html
343,Gene Pijanowski ? to ?,http://www.temple.edu:80/crafts/metalsdirectorypage/p148.html
347,"Alan Revere, Director of the Academy",http://www.temple.edu:80/crafts/metalsdirectorypage/p163.html
348,Curtis K LaFollette 1972 to present,http://www.temple.edu:80/crafts/metalsdirectorypage/p93.html
349,Antonio Cirono ? to ?,http://www.temple.edu:80/crafts/metalsdirectorypage/p27.html
349,John Prip 1963 to 1980,http://www.temple.edu:80/crafts/metalsdirectorypage/p153.html
349,George Paul Van Duinwyk 1973 to 1974,http://www.temple.edu:80/crafts/metalsdirectorypage/p193.html
349,Louis Mueller 1977 to 2005,http://www.temple.edu:80/crafts/metalsdirectorypage/p130.html
349,Robin Quigley ? to present,http://www.temple.edu:80/crafts/metalsdirectorypage/p157.html
354,Louis Mueller 1977 to present,http://www.temple.edu:80/crafts/metalsdirectorypage/p130.html
354,Robin Quigley ? to present,http://www.temple.edu:80/crafts/metalsdirectorypage/p157.html
356,Philip Morton ? to ?,http://www.temple.edu:80/crafts/metalsdirectorypage/p127.html
356,John Prip 1948 to 1954,http://www.temple.edu:80/crafts/metalsdirectorypage/p153.html
356,Hans Christensen 1954 to 1983,http://www.temple.edu:80/crafts/metalsdirectorypage/p26.html
356,Svetovar Radakovich 1955 to 1958,http://www.temple.edu:80/crafts/metalsdirectorypage/p158.html
356,Albert Paley 1969 to 1972,http://www.temple.edu:80/crafts/metalsdirectorypage/p141.html
356,Gary Griffin 1974 to 1984,http://www.temple.edu:80/crafts/metalsdirectorypage/p70.html
356,Harlan Butt in 1975,http://www.temple.edu:80/crafts/metalsdirectorypage/p20.html
363,Bob Winston 1942 to 1956,http://www.temple.edu:80/crafts/metalsdirectorypage/p199.html
363,Martin Streich 1959 to present,http://www.temple.edu:80/crafts/metalsdirectorypage/p182.html
363,Marilyn DaSilva ? to present,http://www.temple.edu:80/crafts/metalsdirectorypage/p39.html
363,Dawn E. Nakanishi part time since 1994,http://www.temple.edu:80/crafts/metalsdirectorypage/p134.html
367,Svetovar Radakovich 1958 to 1959,http://www.temple.edu:80/crafts/metalsdirectorypage/p158.html
367,Arlene Fisch 1961 to present,http://www.temple.edu:80/crafts/metalsdirectorypage/p52.html
367,David La Plantz 1970 to 1971,http://www.temple.edu:80/crafts/metalsdirectorypage/p94.html
367,Helen Shirk 1975 to present,http://www.temple.edu:80/crafts/metalsdirectorypage/p174.html
367,Harlan Butt 1975 to 1976,http://www.temple.edu:80/crafts/metalsdirectorypage/p20.html
367,Gene Pijanowski ? to ?,http://www.temple.edu:80/crafts/metalsdirectorypage/p148.html
367,Billie Jean Theide 1982 to 1983,http://www.temple.edu:80/crafts/metalsdirectorypage/p186.html
374,Imogene Gieling 1965 to 1993,http://www.temple.edu:80/crafts/metalsdirectorypage/p62.html
374,Dawn Nakanishi 1985 to present,http://www.temple.edu:80/crafts/metalsdirectorypage/p134.html
376,Sara Sloan Stine 1987 to present,http://www.temple.edu:80/crafts/metalsdirectorypage/p181.html
377,John Prip 1960 to 1962,http://www.temple.edu:80/crafts/metalsdirectorypage/p153.html
378,Joseph Filkosky 1955 to 1999,http://www.temple.edu:80/crafts/metalsdirectorypage/p51.html
379,John D Wittersheim 1979 to present,http://www.temple.edu:80/crafts/metalsdirectorypage/p200.html
380,Earl Pardon 1951 to 1989,http://www.temple.edu:80/crafts/metalsdirectorypage/p142.html
380,Arline M. Fisch 1957 to 1961,http://www.temple.edu:80/crafts/metalsdirectorypage/p52.html
380,Sharon Church 1973 to 1976,http://www.temple.edu:80/crafts/metalsdirectorypage/p25.html
380,Susan Hamlet spring of 1981,http://www.temple.edu:80/crafts/metalsdirectorypage/p74.html
384,L. Brent Kington 1961 to 1997,http://www.temple.edu:80/crafts/metalsdirectorypage/p89.html
384,Mary Lee Hu 1968 to 1969,http://www.temple.edu:80/crafts/metalsdirectorypage/p82.html
384,Richard Mawdsley 1978 to 2005,http://www.temple.edu:80/crafts/metalsdirectorypage/p115.html
387,Nancy Moyer 1964 to 1966,http://www.temple.edu:80/crafts/metalsdirectorypage/p129.html
387,Beverly Penn 1990 to present,http://www.temple.edu:80/crafts/metalsdirectorypage/p144.html
389,Donald P. Taylor 1984 to present,http://www.temple.edu:80/crafts/metalsdirectorypage/p184.html
390,Thomas R Markusen 1968 to present,http://www.temple.edu:80/crafts/metalsdirectorypage/p112.html
390,Albert Paley 1972 to 1984,http://www.temple.edu:80/crafts/metalsdirectorypage/p141.html
392,Patrice Case ? to present,http://www.temple.edu:80/crafts/metalsdirectorypage/p21.html
393,Kurt Matzdorf 1957 to 1985,http://www.temple.edu:80/crafts/metalsdirectorypage/p114.html
393,Bob Ebendorf 1971 to 1989,http://www.temple.edu:80/crafts/metalsdirectorypage/p44.html
393,Jamie Bennett 1985 to present,http://www.temple.edu:80/crafts/metalsdirectorypage/p11.html
393,Fred Woell 1989 to 1993,http://www.temple.edu:80/crafts/metalsdirectorypage/p201.html
393,Myra Mimlitsch-Gray 1993 to present,http://www.temple.edu:80/crafts/metalsdirectorypage/p67.html
398,Robert Streppone 1979 to present,http://www.temple.edu:80/crafts/metalsdirectorypage/p183.html
399,Arthur Pulos 1955 to 1982,http://www.temple.edu:80/crafts/metalsdirectorypage/p155.html
399,Michael Jerry 1970 to present,http://www.temple.edu:80/crafts/metalsdirectorypage/p84.html
399,John Marshall 1968 to 1970,http://www.temple.edu:80/crafts/metalsdirectorypage/p113.html
402,Karmien Bowman ? to present,http://www.temple.edu:80/crafts/metalsdirectorypage/p15.html
403,Leslie Leupp ? to ?,http://www.temple.edu:80/crafts/metalsdirectorypage/p98.html
404,Alfred E. Green 1969 to present,http://www.temple.edu:80/crafts/metalsdirectorypage/P68.html
405,William Harper 1974 to present,http://www.temple.edu:80/crafts/metalsdirectorypage/p73.html
405,Lisa Norton 1988 to 1989,http://www.temple.edu:80/crafts/metalsdirectorypage/p137.html
407,Lisa Norton 1992 to present,http://www.temple.edu:80/crafts/metalsdirectorypage/p137.html
408,Alvin Pine 1962 to 1996,http://www.temple.edu:80/crafts/metalsdirectorypage/p152.html
408,Dieter Muller-Stach 1968 to present,http://www.temple.edu:80/crafts/metalsdirectorypage/p131.html
410,Mary Ann Scherr 1969 to 1972,http://www.temple.edu:80/crafts/metalsdirectorypage/p167.html
410,Robin Kraft part time from 1992 to 1994,http://www.temple.edu:80/crafts/metalsdirectorypage/p90.html
412,Hiroko Sato-Pijanowski 1986 to present,http://www.temple.edu:80/crafts/metalsdirectorypage/p149.html
412,Gene Pijanowski 1991 to present,http://www.temple.edu:80/crafts/metalsdirectorypage/p148.html
412,Thomas S. Madden 1991 to 1993,http://www.temple.edu:80/crafts/metalsdirectorypage/p110.html
415,Michael Lacktman ? to ?,http://www.temple.edu:80/crafts/metalsdirectorypage/p92.html
415,Thelma Coles 1978 to present,http://www.temple.edu:80/crafts/metalsdirectorypage/p29.html
417,Rachelle Thiewes 1976 to present,http://www.temple.edu:80/crafts/metalsdirectorypage/p187.html
418,Dr. Nancy Moyer 1969 to present,http://www.temple.edu:80/crafts/metalsdirectorypage/p129.html
419,Michael Croft 1965 to 1972,http://www.temple.edu:80/crafts/metalsdirectorypage/p36.html
419,Michael Lacktman 1972 to present,http://www.temple.edu:80/crafts/metalsdirectorypage/p92.html
419,Claire Pfleger 1978 to 1984,http://www.temple.edu:80/crafts/metalsdirectorypage/p147.html
419,Kate Wagle 1988 to 1994,http://www.temple.edu:80/crafts/metalsdirectorypage/p197.html
423,John Fix 1967 to present,http://www.temple.edu:80/crafts/metalsdirectorypage/p55.html
424,William Derreuvere 1971 to present,http://www.temple.edu:80/crafts/metalsdirectorypage/p41.html
425,Stanley Lechtzin 1962 to present,http://www.temple.edu:80/crafts/metalsdirectorypage/p97.html
425,Elliot Pujol 1971 to 1973,http://www.temple.edu:80/crafts/metalsdirectorypage/p154.html
425,Vickie Sedman 1974 to present,http://www.temple.edu:80/crafts/metalsdirectorypage/p170.html
425,Daniella Kerner 1977 to present,http://www.temple.edu:80/crafts/metalsdirectorypage/p88.html
429,Dr. Helen Bonzelaar 1967 to present,http://www.temple.edu:80/crafts/metalsdirectorypage/p14.html
430,Charles Loloma 1959 to 1961,http://www.temple.edu:80/crafts/metalsdirectorypage/p105.html
430,Bob Winston 1964 to 1968,http://www.temple.edu:80/crafts/metalsdirectorypage/p199.html
430,Michael Croft 1972 to present,http://www.temple.edu:80/crafts/metalsdirectorypage/p36.html
433,Val J. Link 1970 to present,http://www.temple.edu:80/crafts/metalsdirectorypage/p101.html
434,Arthur Pulos 1946 to 1955,http://www.temple.edu:80/crafts/metalsdirectorypage/p155.html
434,Robert Von Neumann 1955 to 1984,http://www.temple.edu:80/crafts/metalsdirectorypage/p196.html
434,Alan Mette 1981 to present,http://www.temple.edu:80/crafts/metalsdirectorypage/p122.html
434,Billie Jean Theide 1985 to present,http://www.temple.edu:80/crafts/metalsdirectorypage/p186.html
438,Chunghi Choo 1968 to present,http://www.temple.edu:80/crafts/metalsdirectorypage/p23.html
438,Barbara Nilausen-k 1991 to 1994,http://www.temple.edu:80/crafts/metalsdirectorypage/p136.html
440,Carlyle Smith 1947 to 1977,http://www.temple.edu:80/crafts/metalsdirectorypage/p178.html
440,Klaus Kallenberger 1965 to 1966,http://www.temple.edu:80/crafts/metalsdirectorypage/p85.html
440,Robert Montgomery ? to ?,http://www.temple.edu:80/crafts/metalsdirectorypage/p126.html
440,Olli Peter Valanne 1974 to 1994,http://www.temple.edu:80/crafts/metalsdirectorypage/p192.html
440,Jon Havener 1977 to present,http://www.temple.edu:80/crafts/metalsdirectorypage/p76.html
445,Carol Kumata ? to present,http://www.temple.edu:80/crafts/metalsdirectorypage/p91.html
446,Arline Fisch 1975 to 1976,http://www.temple.edu:80/crafts/metalsdirectorypage/p52.html
446,J. Fred Woell 1976 to 1985,http://www.temple.edu:80/crafts/metalsdirectorypage/p201.html
446,Jaimie Bennett 1978 to 1985,http://www.temple.edu:80/crafts/metalsdirectorypage/p11.html
446,Alan Burton Thompson 1987 to present,http://www.temple.edu:80/crafts/metalsdirectorypage/p214.htm
446,Susan Hamlet 1988 to present,http://www.temple.edu:80/crafts/metalsdirectorypage/p74.html
451,Philip Morton 1948 to 1961,http://www.temple.edu:80/crafts/metalsdirectorypage/p127.html
452,Ellen Rose-Auyong 1972 to present,http://www.temple.edu:80/crafts/metalsdirectorypage/p4.html
453,Harlan Butt 1976 to present,http://www.temple.edu:80/crafts/metalsdirectorypage/p20.html
454,Arthur Pulos 1939 to 1941,http://www.temple.edu:80/crafts/metalsdirectorypage/p155.html
454,Nancy Megan Corwin 1989 to 1994,http://www.temple.edu:80/crafts/metalsdirectorypage/p33.html
454,Kate Wagle 1994 to present,http://www.temple.edu:80/crafts/metalsdirectorypage/p197.html
457,Kent Lamar 1975 to present,http://www.temple.edu:80/crafts/metalsdirectorypage/p95.html
457,Hollis Howard 1978 to present,http://www.temple.edu:80/crafts/metalsdirectorypage/p81.html
459,Linda L. Ryan 1982 to present,http://www.temple.edu:80/crafts/metalsdirectorypage/p164.html
460,David Keens 1974 to present,http://www.temple.edu:80/crafts/metalsdirectorypage/p87.html
461,Ruth Pennington 1928 to 1969,http://www.temple.edu:80/crafts/metalsdirectorypage/p210.html
461,John Marshall 1975 to present,http://www.temple.edu:80/crafts/metalsdirectorypage/p113.html
461,Mary Lee Hu 1980 to present,http://www.temple.edu:80/crafts/metalsdirectorypage/p82.html
461,Lynne Hull 1985 to 1986,http://www.temple.edu:80/crafts/metalsdirectorypage/p83.html
465,Arthur Vierthaler 1946 to 1976,http://www.temple.edu:80/crafts/metalsdirectorypage/p195.html
465,Fred Fenster 1962 to present,http://www.temple.edu:80/crafts/metalsdirectorypage/p49.html
465,Eleanor Moty 1972 to 2000,http://www.temple.edu:80/crafts/metalsdirectorypage/p128.html
465,Mary Lee Hu 1976 to 1977,http://www.temple.edu:80/crafts/metalsdirectorypage/p82.html
465,Martha Glowacki ?,http://www.temple.edu:80/crafts/metalsdirectorypage/p66.html
470,Robert Pum 1969 to present,http://www.temple.edu:80/crafts/metalsdirectorypage/p156.html
470,Donald P. Taylor 1972 to 1978,http://www.temple.edu:80/crafts/metalsdirectorypage/p184.html
472,Thomas P. Muir 1985 to 1991,http://www.temple.edu:80/crafts/metalsdirectorypage/p132.html
472,Thomas S. Madden 1992 to present,http://www.temple.edu:80/crafts/metalsdirectorypage/p110.html
474,Marcia Lewis 1973 to 1975,http://www.temple.edu:80/crafts/metalsdirectorypage/p100.html
474,Linda Threadgill ? to present,http://www.temple.edu:80/crafts/metalsdirectorypage/p209.html
476,Nancy Thompson 1969 to present,http://www.temple.edu:80/crafts/metalsdirectorypage/p189.html
477,Heikka Seppa 1965 to 1992,http://www.temple.edu:80/crafts/metalsdirectorypage/p172.html
477,John Baltrusunas part time from 1972 to 1992,http://www.temple.edu:80/crafts/metalsdirectorypage/p7.html
479,Phillip Fike 1953 to 1997,http://www.temple.edu:80/crafts/metalsdirectorypage/p50.html
480,Barney Brienza 1971 to present,http://www.temple.edu:80/crafts/metalsdirectorypage/p18.html
481,Romona Solberg 1956 to 1967,http://www.temple.edu:80/crafts/metalsdirectorypage/p179.html
481,Ken Cory 1972 to 1994,http://www.temple.edu:80/crafts/metalsdirectorypage/p34.html
481,Keith A. Lewis 1993 to present,http://www.temple.edu:80/crafts/metalsdirectorypage/p99.html
484,Steven C. Ortiz as a visiting artist in 1995,http://www.temple.edu:80/crafts/metalsdirectorypage/p140.html
485,Jew Freyaulenhoven in 1972,http://www.temple.edu:80/crafts/metalsdirectorypage/p57.html
1009,Phillip Carrizzi,http://www.temple.edu:80/crafts/metalsdirectorypage/s272.html
487,Charlotte Nichols 1985 to present,http://www.temple.edu:80/crafts/metalsdirectorypage/p135.html
488,Kenneth Bates 1927 to 1968,http://www.temple.edu:80/crafts/metalsdirectorypage/p10.html
488,John Paul Miller 1946 to 1983,http://www.temple.edu:80/crafts/metalsdirectorypage/p124.html
488,Frederick Miller 1947 to 1975,http://www.temple.edu:80/crafts/metalsdirectorypage/p123.html
488,Arthur Pulos as a visiting professor in the summer sessions of 1949 and 1953,http://www.temple.edu:80/crafts/metalsdirectorypage/p155.html
488,Jon Havener 1976 to 1977,http://www.temple.edu:80/crafts/metalsdirectorypage/p76.html
488,Kathy Buszkiewicz 1983 to present,http://www.temple.edu:80/crafts/metalsdirectorypage/p19.html
488,William Harper as a visiting professor in 1984 to 1985,http://www.temple.edu:80/crafts/metalsdirectorypage/p73.html
488,Lisa Norton 1987 to 1988,http://www.temple.edu:80/crafts/metalsdirectorypage/p137.html
488,Matthew Hollern 1989 to present,http://www.temple.edu:80/crafts/metalsdirectorypage/p80.html
497,Kathleen Malec Kamal 1994 to present,http://www.temple.edu:80/crafts/metalsdirectorypage/p86.html
498,David La Plantz 1969 to 1970,http://www.temple.edu:80/crafts/metalsdirectorypage/p94.html
498,Nilda Getty 1970 to present,http://www.temple.edu:80/crafts/metalsdirectorypage/p61.html
498,Bruce Metcalf 1977 to 1978,http://www.temple.edu:80/crafts/metalsdirectorypage/p121.html
501,Jeff Georgantes 1987 to present,http://www.temple.edu:80/crafts/metalsdirectorypage/p60.html
502,Harry Bertoia 1939 to 1943,http://www.temple.edu:80/crafts/metalsdirectorypage/p13.html
502,Richard Thomas 1948 to 1984,http://www.temple.edu:80/crafts/metalsdirectorypage/p188.html
502,Gary S Griffin 1984 to present,http://www.temple.edu:80/crafts/metalsdirectorypage/p70.html
505,Allan C. Fisher 1990 to present,http://www.temple.edu:80/crafts/metalsdirectorypage/p53.html
506,Harold O'Connor 1993 to present,http://www.temple.edu:80/crafts/metalsdirectorypage/p138.html
507,John E. Satterfield 1967 to 2000,http://www.temple.edu:80/crafts/metalsdirectorypage/p166.html
507,Linda Darty Smith 1990 to present,http://www.temple.edu:80/crafts/metalsdirectorypage/p38.html
509,David G. Logan 1979 to present,http://www.temple.edu:80/crafts/metalsdirectorypage/p104.html
510,Robert Coogan 1981 to present,http://www.temple.edu:80/crafts/metalsdirectorypage/p30.html
511,Tim Glotzbach 1980 to present,http://www.temple.edu:80/crafts/metalsdirectorypage/p65.html
512,Thomas S. Madden 1990 to 1993,http://www.temple.edu:80/crafts/metalsdirectorypage/p110.html
513,Gregory P. Senn 1986 to present,http://www.temple.edu:80/crafts/metalsdirectorypage/p171.html
514,Gene Bahling 1969 to present,http://www.temple.edu:80/crafts/metalsdirectorypage/p5.html
515,Enzo Torcoletti 1971 to present,http://www.temple.edu:80/crafts/metalsdirectorypage/p191.html
516,William Lattimer 1965 to present,http://www.temple.edu:80/crafts/metalsdirectorypage/p96.html
517,Charles Loloma 1954 to 1958,http://www.temple.edu:80/crafts/metalsdirectorypage/p105.html
517,Bob Winston ? to ?,http://www.temple.edu:80/crafts/metalsdirectorypage/p199.html
517,David Pimentel 1973 to 2004,http://www.temple.edu:80/crafts/metalsdirectorypage/p151.html
520,Jew Freyaulenhoven 1973 to 1981,http://www.temple.edu:80/crafts/metalsdirectorypage/p57.html
520,Richard Mafong ? to present,http://www.temple.edu:80/crafts/metalsdirectorypage/p109.html
522,Geraldine Velasquez 1980 to present,http://www.temple.edu:80/crafts/metalsdirectorypage/p194.html
523,Leslie Leupp ? to ?,http://www.temple.edu:80/crafts/metalsdirectorypage/p98.html
523,Robert J. Pum in 1969,http://www.temple.edu:80/crafts/metalsdirectorypage/p156.html
525,Arch Gregory 1986 to present,http://www.temple.edu:80/crafts/metalsdirectorypage/p69.html
526,David LaPlantz 1971 to present,http://www.temple.edu:80/crafts/metalsdirectorypage/p94.html
527,Gail Dial 1974 to present,http://www.temple.edu:80/crafts/metalsdirectorypage/p42.html
528,Candace Gerbers Brey 1990 to 1993,http://www.temple.edu:80/crafts/metalsdirectorypage/p17.html
529,Alma Eikerman 1947 to 1978,http://www.temple.edu:80/crafts/metalsdirectorypage/p45.html
529,Randy Long 1983 to present,http://www.temple.edu:80/crafts/metalsdirectorypage/p106.html
531,Robert C. Fisher 1974 to 1975,http://www.temple.edu:80/crafts/metalsdirectorypage/p54.html
532,David La Plantz 1967 to 1968,http://www.temple.edu:80/crafts/metalsdirectorypage/p94.html
532,Lane Coulter 1989 to present,http://www.temple.edu:80/crafts/metalsdirectorypage/p32.html
534,John M. Church 1970 to present,http://www.temple.edu:80/crafts/metalsdirectorypage/p24.html
535,Chuck Evans 1978 to 2001,http://www.temple.edu:80/crafts/metalsdirectorypage/p47.html
536,Ronald Wyancko 1972 to 2000,http://www.temple.edu:80/crafts/metalsdirectorypage/p203.html
537,Kenneth C. MacBain 1994 to Present,http://www.temple.edu:80/crafts/metalsdirectorypage/p275.html
537,Dr Elaine Foster 1967 to 1994,http://www.temple.edu:80/crafts/metalsdirectorypage/p56.html
539,Dr Elaine Foster 1967 to present,http://www.temple.edu:80/crafts/metalsdirectorypage/p56.html
540,Elliot Pujol 1973 to present,http://www.temple.edu:80/crafts/metalsdirectorypage/p154.html
541,Myra Mimlitsch Gray 1986 to 1989,http://www.temple.edu:80/crafts/metalsdirectorypage/p67.html
542,Mary Ann Scherr 1960 to 1976,http://www.temple.edu:80/crafts/metalsdirectorypage/p167.html
542,William Harper 1970 to 1973,http://www.temple.edu:80/crafts/metalsdirectorypage/p73.html
542,Rod McCormick 1978 to 1979,http://www.temple.edu:80/crafts/metalsdirectorypage/p117.html
542,George Paul Van Duinwyk 1979 to 1982,http://www.temple.edu:80/crafts/metalsdirectorypage/p193.html
542,Bruce Metcalf 1981 to 1991,http://www.temple.edu:80/crafts/metalsdirectorypage/p121.html
542,Robin Kraft part time from 1991 to 1994,http://www.temple.edu:80/crafts/metalsdirectorypage/p90.html
548,James Malenda 1987 to present,http://www.temple.edu:80/crafts/metalsdirectorypage/p111.html
549,Marcia Lewis 1978 to present,http://www.temple.edu:80/crafts/metalsdirectorypage/p100.html
550,Barry Stern 1985 to present,http://www.temple.edu:80/crafts/metalsdirectorypage/p180.html
551,Mark Baldridge 1972 to present,http://www.temple.edu:80/crafts/metalsdirectorypage/p6.html
552,Tim McCreight ? to present,http://www.temple.edu:80/crafts/metalsdirectorypage/p118.html
552,Alan Perry 1987 to present,http://www.temple.edu:80/crafts/metalsdirectorypage/p145.html
554,Harold O'Conner in 1982,http://www.temple.edu:80/crafts/metalsdirectorypage/p138.html
555,Curtis K. LaFollette 1971 to 1972,http://www.temple.edu:80/crafts/metalsdirectorypage/p93.html
555,Bruce Metcalf 1979 to 1980,http://www.temple.edu:80/crafts/metalsdirectorypage/p121.html
555,Joseph Wood 1986 to present,http://www.temple.edu:80/crafts/metalsdirectorypage/p202.html
209,Ginna Sadler 1980 to present,http://www.temple.edu:80/crafts/public_html/mjcc/local/history/p165.html
210,Robert C. Fisher 1975 to present,http://www.temple.edu:80/crafts/public_html/mjcc/local/history/p54.html
213,Vitrice McMurry 1983 to present,http://www.temple.edu:80/crafts/public_html/mjcc/local/history/p119.html
214,Pat Taylor 1985 to present,http://www.temple.edu:80/crafts/public_html/mjcc/local/history/p185.html
215,"Robert C. Fisher 1967 to 1968, 1970 and 1971",http://www.temple.edu:80/crafts/public_html/mjcc/local/history/p54.html
215,Susan Ewing 1981 to present,http://www.temple.edu:80/crafts/public_html/mjcc/local/history/p48.html
216,Klaus Kallenberger 1966 to present,http://www.temple.edu:80/crafts/public_html/mjcc/local/history/p85.html
218,Brigid O'Hanrahan 1982 to present,http://www.temple.edu:80/crafts/public_html/mjcc/local/history/p139.html
219,Mary A. Petrick 1972 to present,http://www.temple.edu:80/crafts/public_html/mjcc/local/history/p146.html
219,Claire Pfleger 1972 to present,http://www.temple.edu:80/crafts/public_html/mjcc/local/history/p147.html
220,Bruce Guiwits 1970 to present,http://www.temple.edu:80/crafts/public_html/mjcc/local/history/p71.html
223,Todd Hawkinson 1985 to present,http://www.temple.edu:80/crafts/public_html/mjcc/local/history/p77.html
223,Myrl Hein 1982 to present,http://www.temple.edu:80/crafts/public_html/mjcc/local/history/p78.html
225,Richard Helzer 1970 to present,http://www.temple.edu:80/crafts/public_html/mjcc/local/history/p79.html
225,Kate Wagle 1981 to 1982,http://www.temple.edu:80/crafts/public_html/mjcc/local/history/p197.html
226,Komelia H. Okim ? to present,http://www.temple.edu:80/crafts/public_html/mjcc/local/history/p208.html
226,Brian Meek 1994 to ?,http://www.temple.edu:80/crafts/public_html/mjcc/local/history/p120.html
575,Harold Hasselschwert 1965 to 1990,http://www.temple.edu:80/crafts/public_html/mjcc/local/history/p75.html
575,Chuck Evans 1972 to 197 8,http://www.temple.edu:80/crafts/public_html/mjcc/local/history/p47.html
575,Thomas S. Madden 1986 to 1990,http://www.temple.edu:80/crafts/public_html/mjcc/local/history/p110.html
575,Thomas Muir 1991 to present,http://www.temple.edu:80/crafts/public_html/mjcc/local/history/p132.html
228,Lynn Duggan 1978 to present,http://www.temple.edu:80/crafts/public_html/mjcc/local/history/p43.html
229,Lisa Lockman 1990 to present,http://www.temple.edu:80/crafts/public_html/mjcc/local/history/p103.html
230,Carlyle Smith as a guest professor in the summer sessions of 1962 to 1979,http://www.temple.edu:80/crafts/public_html/mjcc/local/history/p178.html
230,Patrice Case ? to ?,http://www.temple.edu:80/crafts/public_html/mjcc/local/history/p21.html
230,Kate Wagle 1982 to 1988,http://www.temple.edu:80/crafts/public_html/mjcc/local/history/p197.html
230,Lisa Norton 1989 to 1992,http://www.temple.edu:80/crafts/public_html/mjcc/local/history/p137.html
230,Julia Barrelo 1992 to present,http://www.temple.edu:80/crafts/public_html/mjcc/local/history/p9.html
231,Pamela E. Lins 1989 to present,http://www.temple.edu:80/crafts/public_html/mjcc/local/history/p102.html
234,James Malenda 1976 to 1987,http://www.temple.edu:80/crafts/public_html/mjcc/local/history/p111.html
234,Candace Gerbers Brey 1991 to 1993,http://www.temple.edu:80/crafts/public_html/mjcc/local/history/p17.html
236,Joseph Cornett 1980 to present,http://www.temple.edu:80/crafts/public_html/mjcc/local/history/p31.html
238,Dale Wedig 1983 to present,http://www.temple.edu:80/crafts/public_html/mjcc/local/history/p198.html
239,Lee Hageman 1967 to present,http://www.temple.edu:80/crafts/public_html/mjcc/local/history/p72.html
240,Susan Hamlet 1978 to 1988,http://www.temple.edu:80/crafts/public_html/mjcc/local/history/p74.html
240,"Chris Ramsay 1986 to 1987, 1990 to present",http://www.temple.edu:80/crafts/public_html/mjcc/local/history/p159.html
242,Lynda Watson-Abbott 1970 to 1995,http://www.temple.edu:80/crafts/public_html/mjcc/local/history/p1.html
242,Nancy Megan Corwin 1984 to 1989,http://www.temple.edu:80/crafts/public_html/mjcc/local/history/p33.html
242,Dawn E. Nakanishi ? to ?,http://www.temple.edu:80/crafts/public_html/mjcc/local/history/p134.html
243,Norma Latta 1986 to present,http://www.temple.edu:80/crafts/public_html/mjcc/local/history/p205.html
244,Christine Clark 1984 to present,http://www.temple.edu:80/crafts/public_html/mjcc/local/history/p28.html
245,Anthony Lugo 1974 to present,http://www.temple.edu:80/crafts/public_html/mjcc/local/history/p108.html
246,Mary Ann Scherr 1978 to 1988,http://www.temple.edu:80/crafts/public_html/mjcc/local/history/p167.html
246,William Harper as a visiting professor in 1979,http://www.temple.edu:80/crafts/public_html/mjcc/local/history/p73.html
246,Pamela E. Lins 1986 to 1991,http://www.temple.edu:80/crafts/public_html/mjcc/local/history/p102.html
248,Leslie Leupp 1988 to present,http://www.temple.edu:80/crafts/public_html/mjcc/local/history/p98.html
249,Majorie Schick 1967 to present,http://www.temple.edu:80/crafts/public_html/mjcc/local/history/p168.html
251,Chris Ramsay 1989 to 1990,http://www.temple.edu:80/crafts/public_html/mjcc/local/history/p159.html
251,Myra Mimlitsch Gray 1990 to 1993,http://www.temple.edu:80/crafts/public_html/mjcc/local/history/p67.html
251,Robin Kraft 1994 to present,http://www.temple.edu:80/crafts/public_html/mjcc/local/history/p90.html
251,Gene Pijanowski ? to ?,http://www.temple.edu:80/crafts/public_html/mjcc/local/history/p148.html
253,"Alan Revere, Director of the Academy",http://www.temple.edu:80/crafts/public_html/mjcc/local/history/p163.html
254,Curtis K LaFollette 1972 to present,http://www.temple.edu:80/crafts/public_html/mjcc/local/history/p93.html
255,Antonio Cirono ? to ?,http://www.temple.edu:80/crafts/public_html/mjcc/local/history/p27.html
255,John Prip 1963 to 1980,http://www.temple.edu:80/crafts/public_html/mjcc/local/history/p153.html
255,George Paul Van Duinwyk 1973 to 1974,http://www.temple.edu:80/crafts/public_html/mjcc/local/history/p193.html
255,Louis Mueller 1977 to 2005,http://www.temple.edu:80/crafts/public_html/mjcc/local/history/p130.html
255,Robin Quigley ? to present,http://www.temple.edu:80/crafts/public_html/mjcc/local/history/p157.html
256,Louis Mueller 1977 to present,http://www.temple.edu:80/crafts/public_html/mjcc/local/history/p130.html
256,Robin Quigley ? to present,http://www.temple.edu:80/crafts/public_html/mjcc/local/history/p157.html
257,Philip Morton ? to ?,http://www.temple.edu:80/crafts/public_html/mjcc/local/history/p127.html
257,John Prip 1948 to 1954,http://www.temple.edu:80/crafts/public_html/mjcc/local/history/p153.html
257,Hans Christensen 1954 to 1983,http://www.temple.edu:80/crafts/public_html/mjcc/local/history/p26.html
257,Svetovar Radakovich 1955 to 1958,http://www.temple.edu:80/crafts/public_html/mjcc/local/history/p158.html
257,Albert Paley 1969 to 1972,http://www.temple.edu:80/crafts/public_html/mjcc/local/history/p141.html
257,Gary Griffin 1974 to 1984,http://www.temple.edu:80/crafts/public_html/mjcc/local/history/p70.html
257,Harlan Butt in 1975,http://www.temple.edu:80/crafts/public_html/mjcc/local/history/p20.html
260,Bob Winston 1942 to 1956,http://www.temple.edu:80/crafts/public_html/mjcc/local/history/p199.html
260,Martin Streich 1959 to present,http://www.temple.edu:80/crafts/public_html/mjcc/local/history/p182.html
260,Marilyn DaSilva ? to present,http://www.temple.edu:80/crafts/public_html/mjcc/local/history/p39.html
260,Dawn E. Nakanishi part time since 1994,http://www.temple.edu:80/crafts/public_html/mjcc/local/history/p134.html
261,Svetovar Radakovich 1958 to 1959,http://www.temple.edu:80/crafts/public_html/mjcc/local/history/p158.html
261,Arlene Fisch 1961 to present,http://www.temple.edu:80/crafts/public_html/mjcc/local/history/p52.html
261,David La Plantz 1970 to 1971,http://www.temple.edu:80/crafts/public_html/mjcc/local/history/p94.html
261,Helen Shirk 1975 to present,http://www.temple.edu:80/crafts/public_html/mjcc/local/history/p174.html
261,Harlan Butt 1975 to 1976,http://www.temple.edu:80/crafts/public_html/mjcc/local/history/p20.html
261,Gene Pijanowski ? to ?,http://www.temple.edu:80/crafts/public_html/mjcc/local/history/p148.html
261,Billie Jean Theide 1982 to 1983,http://www.temple.edu:80/crafts/public_html/mjcc/local/history/p186.html
262,Imogene Gieling 1965 to 1993,http://www.temple.edu:80/crafts/public_html/mjcc/local/history/p62.html
262,Dawn Nakanishi 1985 to present,http://www.temple.edu:80/crafts/public_html/mjcc/local/history/p134.html
263,Sara Sloan Stine 1987 to present,http://www.temple.edu:80/crafts/public_html/mjcc/local/history/p181.html
264,John Prip 1960 to 1962,http://www.temple.edu:80/crafts/public_html/mjcc/local/history/p153.html
265,Joseph Filkosky 1955 to 1999,http://www.temple.edu:80/crafts/public_html/mjcc/local/history/p51.html
267,John D Wittersheim 1979 to present,http://www.temple.edu:80/crafts/public_html/mjcc/local/history/p200.html
268,Earl Pardon 1951 to 1989,http://www.temple.edu:80/crafts/public_html/mjcc/local/history/p142.html
268,Arline M. Fisch 1957 to 1961,http://www.temple.edu:80/crafts/public_html/mjcc/local/history/p52.html
268,Sharon Church 1973 to 1976,http://www.temple.edu:80/crafts/public_html/mjcc/local/history/p25.html
268,Susan Hamlet spring of 1981,http://www.temple.edu:80/crafts/public_html/mjcc/local/history/p74.html
271,L. Brent Kington 1961 to 1997,http://www.temple.edu:80/crafts/public_html/mjcc/local/history/p89.html
271,Mary Lee Hu 1968 to 1969,http://www.temple.edu:80/crafts/public_html/mjcc/local/history/p82.html
271,Richard Mawdsley 1978 to present,http://www.temple.edu:80/crafts/public_html/mjcc/local/history/p115.html
274,Nancy Moyer 1964 to 1966,http://www.temple.edu:80/crafts/public_html/mjcc/local/history/p129.html
274,Beverly Penn 1990 to present,http://www.temple.edu:80/crafts/public_html/mjcc/local/history/p144.html
276,Donald P. Taylor 1984 to present,http://www.temple.edu:80/crafts/public_html/mjcc/local/history/p184.html
278,Thomas R Markusen 1968 to present,http://www.temple.edu:80/crafts/public_html/mjcc/local/history/p112.html
278,Albert Paley 1972 to 1984,http://www.temple.edu:80/crafts/public_html/mjcc/local/history/p141.html
279,Patrice Case ? to present,http://www.temple.edu:80/crafts/public_html/mjcc/local/history/p21.html
280,Kurt Matzdorf 1957 to 1985,http://www.temple.edu:80/crafts/public_html/mjcc/local/history/p114.html
280,Bob Ebendorf 1971 to 1989,http://www.temple.edu:80/crafts/public_html/mjcc/local/history/p44.html
280,Jamie Bennett 1985 to present,http://www.temple.edu:80/crafts/public_html/mjcc/local/history/p11.html
280,Fred Woell 1989 to 1993,http://www.temple.edu:80/crafts/public_html/mjcc/local/history/p201.html
280,Myra Mimlitsch-Gray 1993 to present,http://www.temple.edu:80/crafts/public_html/mjcc/local/history/p67.html
282,Robert Streppone 1979 to present,http://www.temple.edu:80/crafts/public_html/mjcc/local/history/p183.html
283,Arthur Pulos 1955 to 1982,http://www.temple.edu:80/crafts/public_html/mjcc/local/history/p155.html
283,Michael Jerry 1970 to present,http://www.temple.edu:80/crafts/public_html/mjcc/local/history/p84.html
283,John Marshall 1968 to 1970,http://www.temple.edu:80/crafts/public_html/mjcc/local/history/p113.html
284,Karmien Bowman ? to present,http://www.temple.edu:80/crafts/public_html/mjcc/local/history/p15.html
285,Leslie Leupp ? to ?,http://www.temple.edu:80/crafts/public_html/mjcc/local/history/p98.html
286,Alfred E. Green 1969 to present,http://www.temple.edu:80/crafts/public_html/mjcc/local/history/P68.html
287,William Harper 1974 to present,http://www.temple.edu:80/crafts/public_html/mjcc/local/history/p73.html
287,Lisa Norton 1988 to 1989,http://www.temple.edu:80/crafts/public_html/mjcc/local/history/p137.html
288,Lisa Norton 1992 to present,http://www.temple.edu:80/crafts/public_html/mjcc/local/history/p137.html
290,Alvin Pine 1962 to 1996,http://www.temple.edu:80/crafts/public_html/mjcc/local/history/p152.html
290,Dieter Muller-Stach 1968 to present,http://www.temple.edu:80/crafts/public_html/mjcc/local/history/p131.html
291,Mary Ann Scherr 1969 to 1972,http://www.temple.edu:80/crafts/public_html/mjcc/local/history/p167.html
291,Robin Kraft part time from 1992 to 1994,http://www.temple.edu:80/crafts/public_html/mjcc/local/history/p90.html
293,Hiroko Sato-Pijanowski 1986 to present,http://www.temple.edu:80/crafts/public_html/mjcc/local/history/p149.html
293,Gene Pijanowski 1991 to present,http://www.temple.edu:80/crafts/public_html/mjcc/local/history/p148.html
293,Thomas S. Madden 1991 to 1993,http://www.temple.edu:80/crafts/public_html/mjcc/local/history/p110.html
294,Michael Lacktman ? to ?,http://www.temple.edu:80/crafts/public_html/mjcc/local/history/p92.html
294,Thelma Coles 1978 to present,http://www.temple.edu:80/crafts/public_html/mjcc/local/history/p29.html
679,Rachelle Thiewes 1976 to present,http://www.temple.edu:80/crafts/public_html/mjcc/local/history/p187.html
295,Dr. Nancy Moyer 1969 to present,http://www.temple.edu:80/crafts/public_html/mjcc/local/history/p129.html
296,Karl G. Nacke 1903 to 1912,http://www.temple.edu:80/crafts/public_html/mjcc/local/history/p133.html
296,Samuel Yellin 1907 to 1920,http://www.temple.edu:80/crafts/public_html/mjcc/local/history/p204.html
296,Douglas Gilchrist 1921 to 1943,http://www.temple.edu:80/crafts/public_html/mjcc/local/history/p63.html
296,Virginia Wireman Cute 1944 to 1953,http://www.temple.edu:80/crafts/public_html/mjcc/local/history/p37.html
296,Richard Reinhardt 1947 to 1986,http://www.temple.edu:80/crafts/public_html/mjcc/local/history/p162.html
296,Olaf Skoogfors 1959 to 1975,http://www.temple.edu:80/crafts/public_html/mjcc/local/history/p177.html
296,Leon Lugassy 1967 to 1990,http://www.temple.edu:80/crafts/public_html/mjcc/local/history/p107.html
296,Helen Williams Drutt English 1972 to 1982,http://www.temple.edu:80/crafts/public_html/mjcc/local/history/p46.html
296,Robin Quigley 1976 to 1979,http://www.temple.edu:80/crafts/public_html/mjcc/local/history/p157.html
296,Sharon Church 1979 to present,http://www.temple.edu:80/crafts/public_html/mjcc/local/history/p25.html
296,Rod McCormick 1981 to present,http://www.temple.edu:80/crafts/public_html/mjcc/local/history/p117.html
296,Myra Mimlitsch Gray 1986 to 1990,http://www.temple.edu:80/crafts/public_html/mjcc/local/history/p67.html
297,Michael Croft 1965 to 1972,http://www.temple.edu:80/crafts/public_html/mjcc/local/history/p36.html
297,Michael Lacktman 1972 to present,http://www.temple.edu:80/crafts/public_html/mjcc/local/history/p92.html
297,Claire Pfleger 1978 to 1984,http://www.temple.edu:80/crafts/public_html/mjcc/local/history/p147.html
297,Kate Wagle 1988 to 1994,http://www.temple.edu:80/crafts/public_html/mjcc/local/history/p197.html
298,John Fix 1967 to present,http://www.temple.edu:80/crafts/public_html/mjcc/local/history/p55.html
300,William Derreuvere 1971 to present,http://www.temple.edu:80/crafts/public_html/mjcc/local/history/p41.html
301,Stanley Lechtzin 1962 to present,http://www.temple.edu:80/crafts/public_html/mjcc/local/history/p97.html
301,Elliot Pujol 1971 to 1973,http://www.temple.edu:80/crafts/public_html/mjcc/local/history/p154.html
301,Vickie Sedman 1974 to present,http://www.temple.edu:80/crafts/public_html/mjcc/local/history/p170.html
301,Daniella Kerner 1977 to present,http://www.temple.edu:80/crafts/public_html/mjcc/local/history/p88.html
302,Dr. Helen Bonzelaar 1967 to present,http://www.temple.edu:80/crafts/public_html/mjcc/local/history/p14.html
303,Charles Loloma 1959 to 1961,http://www.temple.edu:80/crafts/public_html/mjcc/local/history/p105.html
303,Bob Winston 1964 to 1968,http://www.temple.edu:80/crafts/public_html/mjcc/local/history/p199.html
303,Michael Croft 1972 to present,http://www.temple.edu:80/crafts/public_html/mjcc/local/history/p36.html
305,Val J. Link 1970 to present,http://www.temple.edu:80/crafts/public_html/mjcc/local/history/p101.html
306,Arthur Pulos 1946 to 1955,http://www.temple.edu:80/crafts/public_html/mjcc/local/history/p155.html
306,Robert Von Neumann 1955 to 1984,http://www.temple.edu:80/crafts/public_html/mjcc/local/history/p196.html
306,Alan Mette 1981 to present,http://www.temple.edu:80/crafts/public_html/mjcc/local/history/p122.html
306,Billie Jean Theide 1985 to present,http://www.temple.edu:80/crafts/public_html/mjcc/local/history/p186.html
307,Chunghi Choo 1968 to present,http://www.temple.edu:80/crafts/public_html/mjcc/local/history/p23.html
307,Barbara Nilausen-k 1991 to 1994,http://www.temple.edu:80/crafts/public_html/mjcc/local/history/p136.html
714,Carlyle Smith 1947 to 1977,http://www.temple.edu:80/crafts/public_html/mjcc/local/history/p178.html
714,Klaus Kallenberger 1965 to 1966,http://www.temple.edu:80/crafts/public_html/mjcc/local/history/p85.html
714,Robert Montgomery ? to ?,http://www.temple.edu:80/crafts/public_html/mjcc/local/history/p126.html
714,Olli Peter Valanne 1974 to 1994,http://www.temple.edu:80/crafts/public_html/mjcc/local/history/p192.html
714,Jon Havener 1977 to present,http://www.temple.edu:80/crafts/public_html/mjcc/local/history/p76.html
308,Carol Kumata ? to present,http://www.temple.edu:80/crafts/public_html/mjcc/local/history/p91.html
309,Arline Fisch 1975 to 1976,http://www.temple.edu:80/crafts/public_html/mjcc/local/history/p52.html
309,J. Fred Woell 1976 to 1985,http://www.temple.edu:80/crafts/public_html/mjcc/local/history/p201.html
309,Jaimie Bennett 1978 to 1985,http://www.temple.edu:80/crafts/public_html/mjcc/local/history/p11.html
309,Alan Burton Thompson 1987 to present,http://www.temple.edu:80/crafts/public_html/mjcc/local/history/p214.htm
309,Susan Hamlet 1988 to present,http://www.temple.edu:80/crafts/public_html/mjcc/local/history/p74.html
310,Philip Morton 1948 to 1961,http://www.temple.edu:80/crafts/public_html/mjcc/local/history/p127.html
312,Ellen Rose-Auyong 1972 to present,http://www.temple.edu:80/crafts/public_html/mjcc/local/history/p4.html
313,Harlan Butt 1976 to present,http://www.temple.edu:80/crafts/public_html/mjcc/local/history/p20.html
314,Arthur Pulos 1939 to 1941,http://www.temple.edu:80/crafts/public_html/mjcc/local/history/p155.html
314,Nancy Megan Corwin 1989 to 1994,http://www.temple.edu:80/crafts/public_html/mjcc/local/history/p33.html
314,Kate Wagle 1994 to present,http://www.temple.edu:80/crafts/public_html/mjcc/local/history/p197.html
315,Kent Lamar 1975 to present,http://www.temple.edu:80/crafts/public_html/mjcc/local/history/p95.html
315,Hollis Howard 1978 to present,http://www.temple.edu:80/crafts/public_html/mjcc/local/history/p81.html
316,Linda L. Ryan 1982 to present,http://www.temple.edu:80/crafts/public_html/mjcc/local/history/p164.html
318,David Keens 1974 to present,http://www.temple.edu:80/crafts/public_html/mjcc/local/history/p87.html
319,Ruth Pennington 1928 to 1969,http://www.temple.edu:80/crafts/public_html/mjcc/local/history/p210.html
319,John Marshall 1975 to present,http://www.temple.edu:80/crafts/public_html/mjcc/local/history/p113.html
319,Mary Lee Hu 1980 to present,http://www.temple.edu:80/crafts/public_html/mjcc/local/history/p82.html
319,Lynne Hull 1985 to 1986,http://www.temple.edu:80/crafts/public_html/mjcc/local/history/p83.html
322,Arthur Vierthaler 1946 to 1976,http://www.temple.edu:80/crafts/public_html/mjcc/local/history/p195.html
322,Fred Fenster 1962 to present,http://www.temple.edu:80/crafts/public_html/mjcc/local/history/p49.html
322,Eleanor Moty 1972 to 2000,http://www.temple.edu:80/crafts/public_html/mjcc/local/history/p128.html
322,Mary Lee Hu 1976 to 1977,http://www.temple.edu:80/crafts/public_html/mjcc/local/history/p82.html
322,Martha Glowacki ?,http://www.temple.edu:80/crafts/public_html/mjcc/local/history/p66.html
323,Robert Pum 1969 to present,http://www.temple.edu:80/crafts/public_html/mjcc/local/history/p156.html
323,Donald P. Taylor 1972 to 1978,http://www.temple.edu:80/crafts/public_html/mjcc/local/history/p184.html
325,Thomas P. Muir 1985 to 1991,http://www.temple.edu:80/crafts/public_html/mjcc/local/history/p132.html
325,Thomas S. Madden 1992 to present,http://www.temple.edu:80/crafts/public_html/mjcc/local/history/p110.html
326,Marcia Lewis 1973 to 1975,http://www.temple.edu:80/crafts/public_html/mjcc/local/history/p100.html
326,Linda Threadgill ? to present,http://www.temple.edu:80/crafts/public_html/mjcc/local/history/p209.html
327,Nancy Thompson 1969 to present,http://www.temple.edu:80/crafts/public_html/mjcc/local/history/p189.html
328,Heikka Seppa 1965 to 1992,http://www.temple.edu:80/crafts/public_html/mjcc/local/history/p172.html
328,John Baltrusunas part time from 1972 to 1992,http://www.temple.edu:80/crafts/public_html/mjcc/local/history/p7.html
329,Phillip Fike 1953 to 1997,http://www.temple.edu:80/crafts/public_html/mjcc/local/history/p50.html
330,Lorin S. Thunell 1993 to present,http://www.temple.edu:80/crafts/public_html/mjcc/local/history/p190.html
332,Barney Brienza 1971 to present,http://www.temple.edu:80/crafts/public_html/mjcc/local/history/p18.html
333,Romona Solberg 1956 to 1967,http://www.temple.edu:80/crafts/public_html/mjcc/local/history/p179.html
333,Ken Cory 1972 to 1994,http://www.temple.edu:80/crafts/public_html/mjcc/local/history/p34.html
333,Keith A. Lewis 1993 to present,http://www.temple.edu:80/crafts/public_html/mjcc/local/history/p99.html
335,Steven C. Ortiz as a visiting artist in 1995,http://www.temple.edu:80/crafts/public_html/mjcc/local/history/p140.html
340,Jew Freyaulenhoven in 1972,http://www.temple.edu:80/crafts/public_html/mjcc/local/history/p57.html
341,Phillip Carrizzi,http://www.temple.edu:80/crafts/public_html/mjcc/local/history/s272.html
345,Charlotte Nichols 1985 to present,http://www.temple.edu:80/crafts/public_html/mjcc/local/history/p135.html
346,Kenneth Bates 1927 to 1968,http://www.temple.edu:80/crafts/public_html/mjcc/local/history/p10.html
346,John Paul Miller 1946 to 1983,http://www.temple.edu:80/crafts/public_html/mjcc/local/history/p124.html
346,Frederick Miller 1947 to 1975,http://www.temple.edu:80/crafts/public_html/mjcc/local/history/p123.html
346,Arthur Pulos as a visiting professor in the summer sessions of 1949 and 1953,http://www.temple.edu:80/crafts/public_html/mjcc/local/history/p155.html
346,Jon Havener 1976 to 1977,http://www.temple.edu:80/crafts/public_html/mjcc/local/history/p76.html
346,Kathy Buszkiewicz 1983 to present,http://www.temple.edu:80/crafts/public_html/mjcc/local/history/p19.html
346,William Harper as a visiting professor in 1984 to 1985,http://www.temple.edu:80/crafts/public_html/mjcc/local/history/p73.html
346,Lisa Norton 1987 to 1988,http://www.temple.edu:80/crafts/public_html/mjcc/local/history/p137.html
346,Matthew Hollern 1989 to present,http://www.temple.edu:80/crafts/public_html/mjcc/local/history/p80.html
347,Kathleen Malec Kamal 1994 to present,http://www.temple.edu:80/crafts/public_html/mjcc/local/history/p86.html
348,David La Plantz 1969 to 1970,http://www.temple.edu:80/crafts/public_html/mjcc/local/history/p94.html
348,Nilda Getty 1970 to present,http://www.temple.edu:80/crafts/public_html/mjcc/local/history/p61.html
348,Bruce Metcalf 1977 to 1978,http://www.temple.edu:80/crafts/public_html/mjcc/local/history/p121.html
349,Jeff Georgantes 1987 to present,http://www.temple.edu:80/crafts/public_html/mjcc/local/history/p60.html
352,Harry Bertoia 1939 to 1943,http://www.temple.edu:80/crafts/public_html/mjcc/local/history/p13.html
352,Richard Thomas 1948 to 1984,http://www.temple.edu:80/crafts/public_html/mjcc/local/history/p188.html
352,Gary S Griffin 1984 to present,http://www.temple.edu:80/crafts/public_html/mjcc/local/history/p70.html
353,Allan C. Fisher 1990 to present,http://www.temple.edu:80/crafts/public_html/mjcc/local/history/p53.html
355,Harold O'Connor 1993 to present,http://www.temple.edu:80/crafts/public_html/mjcc/local/history/p138.html
356,John E. Satterfield 1967 to 2000,http://www.temple.edu:80/crafts/public_html/mjcc/local/history/p166.html
356,Linda Darty Smith 1990 to present,http://www.temple.edu:80/crafts/public_html/mjcc/local/history/p38.html
357,David G. Logan 1979 to present,http://www.temple.edu:80/crafts/public_html/mjcc/local/history/p104.html
359,Robert Coogan 1981 to present,http://www.temple.edu:80/crafts/public_html/mjcc/local/history/p30.html
361,Tim Glotzbach 1980 to present,http://www.temple.edu:80/crafts/public_html/mjcc/local/history/p65.html
362,Thomas S. Madden 1990 to 1993,http://www.temple.edu:80/crafts/public_html/mjcc/local/history/p110.html
363,Gregory P. Senn 1986 to present,http://www.temple.edu:80/crafts/public_html/mjcc/local/history/p171.html
365,Gene Bahling 1969 to present,http://www.temple.edu:80/crafts/public_html/mjcc/local/history/p5.html
367,Enzo Torcoletti 1971 to present,http://www.temple.edu:80/crafts/public_html/mjcc/local/history/p191.html
368,William Lattimer 1965 to present,http://www.temple.edu:80/crafts/public_html/mjcc/local/history/p96.html
369,Charles Loloma 1954 to 1958,http://www.temple.edu:80/crafts/public_html/mjcc/local/history/p105.html
369,Bob Winston ? to ?,http://www.temple.edu:80/crafts/public_html/mjcc/local/history/p199.html
369,David Pimentel 1973 to 2004,http://www.temple.edu:80/crafts/public_html/mjcc/local/history/p151.html
372,Jew Freyaulenhoven 1973 to 1981,http://www.temple.edu:80/crafts/public_html/mjcc/local/history/p57.html
372,Richard Mafong ? to present,http://www.temple.edu:80/crafts/public_html/mjcc/local/history/p109.html
373,Geraldine Velasquez 1980 to present,http://www.temple.edu:80/crafts/public_html/mjcc/local/history/p194.html
375,Leslie Leupp ? to ?,http://www.temple.edu:80/crafts/public_html/mjcc/local/history/p98.html
375,Robert J. Pum in 1969,http://www.temple.edu:80/crafts/public_html/mjcc/local/history/p156.html
379,Arch Gregory 1986 to present,http://www.temple.edu:80/crafts/public_html/mjcc/local/history/p69.html
381,David LaPlantz 1971 to present,http://www.temple.edu:80/crafts/public_html/mjcc/local/history/p94.html
382,Gail Dial 1974 to present,http://www.temple.edu:80/crafts/public_html/mjcc/local/history/p42.html
383,Candace Gerbers Brey 1990 to 1993,http://www.temple.edu:80/crafts/public_html/mjcc/local/history/p17.html
386,Alma Eikerman 1947 to 1978,http://www.temple.edu:80/crafts/public_html/mjcc/local/history/p45.html
386,Randy Long 1983 to present,http://www.temple.edu:80/crafts/public_html/mjcc/local/history/p106.html
387,Robert C. Fisher 1974 to 1975,http://www.temple.edu:80/crafts/public_html/mjcc/local/history/p54.html
388,David La Plantz 1967 to 1968,http://www.temple.edu:80/crafts/public_html/mjcc/local/history/p94.html
388,Lane Coulter 1989 to present,http://www.temple.edu:80/crafts/public_html/mjcc/local/history/p32.html
389,John M. Church 1970 to present,http://www.temple.edu:80/crafts/public_html/mjcc/local/history/p24.html
390,Chuck Evans 1978 to 2001,http://www.temple.edu:80/crafts/public_html/mjcc/local/history/p47.html
391,Ronald Wyancko 1972 to 2000,http://www.temple.edu:80/crafts/public_html/mjcc/local/history/p203.html
392,Kenneth C. MacBain 1994 to Present,http://www.temple.edu:80/crafts/public_html/mjcc/local/history/p275.html
392,Dr Elaine Foster 1967 to 1994,http://www.temple.edu:80/crafts/public_html/mjcc/local/history/p56.html
393,Dr Elaine Foster 1967 to present,http://www.temple.edu:80/crafts/public_html/mjcc/local/history/p56.html
394,Elliot Pujol 1973 to present,http://www.temple.edu:80/crafts/public_html/mjcc/local/history/p154.html
395,Myra Mimlitsch Gray 1986 to 1989,http://www.temple.edu:80/crafts/public_html/mjcc/local/history/p67.html
817,Mary Ann Scherr 1960 to 1976,http://www.temple.edu:80/crafts/public_html/mjcc/local/history/p167.html
817,William Harper 1970 to 1973,http://www.temple.edu:80/crafts/public_html/mjcc/local/history/p73.html
817,Rod McCormick 1978 to 1979,http://www.temple.edu:80/crafts/public_html/mjcc/local/history/p117.html
817,George Paul Van Duinwyk 1979 to 1982,http://www.temple.edu:80/crafts/public_html/mjcc/local/history/p193.html
817,Bruce Metcalf 1981 to 1991,http://www.temple.edu:80/crafts/public_html/mjcc/local/history/p121.html
817,Robin Kraft part time from 1991 to 1994,http://www.temple.edu:80/crafts/public_html/mjcc/local/history/p90.html
396,James Malenda 1987 to present,http://www.temple.edu:80/crafts/public_html/mjcc/local/history/p111.html
398,Marcia Lewis 1978 to present,http://www.temple.edu:80/crafts/public_html/mjcc/local/history/p100.html
399,Barry Stern 1985 to present,http://www.temple.edu:80/crafts/public_html/mjcc/local/history/p180.html
400,Mark Baldridge 1972 to present,http://www.temple.edu:80/crafts/public_html/mjcc/local/history/p6.html
827,Tim McCreight ? to present,http://www.temple.edu:80/crafts/public_html/mjcc/local/history/p118.html
827,Alan Perry 1987 to present,http://www.temple.edu:80/crafts/public_html/mjcc/local/history/p145.html
401,Harold O'Conner in 1982,http://www.temple.edu:80/crafts/public_html/mjcc/local/history/p138.html
402,Curtis K. LaFollette 1971 to 1972,http://www.temple.edu:80/crafts/public_html/mjcc/local/history/p93.html
402,Bruce Metcalf 1979 to 1980,http://www.temple.edu:80/crafts/public_html/mjcc/local/history/p121.html
402,Joseph Wood 1986 to present,http://www.temple.edu:80/crafts/public_html/mjcc/local/history/p202.html
87,"Anne Mondro (current, added 2026-05-30)",https://stamps.umich.edu/people/anne-mondro
